timestamp,day_index,day_type,load_kwh
2025-01-01 00:00:00,0,winter_weekday,10.3581
2025-01-01 01:00:00,0,winter_weekday,9.1173
2025-01-01 02:00:00,0,winter_weekday,6.2991
2025-01-01 03:00:00,0,winter_weekday,7.0173
2025-01-01 04:00:00,0,winter_weekday,7.9771
2025-01-01 05:00:00,0,winter_weekday,9.8663
2025-01-01 06:00:00,0,winter_weekday,14.4735
2025-01-01 07:00:00,0,winter_weekday,15.1562
2025-01-01 08:00:00,0,winter_weekday,20.2629
2025-01-01 09:00:00,0,winter_weekday,17.5669
2025-01-01 10:00:00,0,winter_weekday,15.9418
2025-01-01 11:00:00,0,winter_weekday,17.2558
2025-01-01 12:00:00,0,winter_weekday,15.0071
2025-01-01 13:00:00,0,winter_weekday,15.8707
2025-01-01 14:00:00,0,winter_weekday,16.835
2025-01-01 15:00:00,0,winter_weekday,12.7523
2025-01-01 16:00:00,0,winter_weekday,19.3263
2025-01-01 17:00:00,0,winter_weekday,19.796
2025-01-01 18:00:00,0,winter_weekday,26.031
2025-01-01 19:00:00,0,winter_weekday,25.6408
2025-01-01 20:00:00,0,winter_weekday,30.7284
2025-01-01 21:00:00,0,winter_weekday,21.6337
2025-01-01 22:00:00,0,winter_weekday,15.1298
2025-01-01 23:00:00,0,winter_weekday,11.1659
2025-01-06 00:00:00,5,winter_weekday,10.957
2025-01-06 01:00:00,5,winter_weekday,8.8422
2025-01-06 02:00:00,5,winter_weekday,6.6666
2025-01-06 03:00:00,5,winter_weekday,6.8697
2025-01-06 04:00:00,5,winter_weekday,8.0023
2025-01-06 05:00:00,5,winter_weekday,14.3202
2025-01-06 06:00:00,5,winter_weekday,16.4322
2025-01-06 07:00:00,5,winter_weekday,19.9859
2025-01-06 08:00:00,5,winter_weekday,17.5487
2025-01-06 09:00:00,5,winter_weekday,19.3278
2025-01-06 10:00:00,5,winter_weekday,17.1735
2025-01-06 11:00:00,5,winter_weekday,16.011
2025-01-06 12:00:00,5,winter_weekday,15.4739
2025-01-06 13:00:00,5,winter_weekday,14.3483
2025-01-06 14:00:00,5,winter_weekday,17.6642
2025-01-06 15:00:00,5,winter_weekday,14.9339
2025-01-06 16:00:00,5,winter_weekday,17.1303
2025-01-06 17:00:00,5,winter_weekday,18.167
2025-01-06 18:00:00,5,winter_weekday,22.656
2025-01-06 19:00:00,5,winter_weekday,37.8854
2025-01-06 20:00:00,5,winter_weekday,31.8979
2025-01-06 21:00:00,5,winter_weekday,25.2061
2025-01-06 22:00:00,5,winter_weekday,19.4817
2025-01-06 23:00:00,5,winter_weekday,15.6977
2025-01-08 00:00:00,7,winter_weekend,8.3606
2025-01-08 01:00:00,7,winter_weekend,9.3569
2025-01-08 02:00:00,7,winter_weekend,7.7198
2025-01-08 03:00:00,7,winter_weekend,7.7009
2025-01-08 04:00:00,7,winter_weekend,7.7709
2025-01-08 05:00:00,7,winter_weekend,9.138
2025-01-08 06:00:00,7,winter_weekend,12.3046
2025-01-08 07:00:00,7,winter_weekend,14.6537
2025-01-08 08:00:00,7,winter_weekend,16.8755
2025-01-08 09:00:00,7,winter_weekend,11.9337
2025-01-08 10:00:00,7,winter_weekend,13.7286
2025-01-08 11:00:00,7,winter_weekend,13.5783
2025-01-08 12:00:00,7,winter_weekend,18.7037
2025-01-08 13:00:00,7,winter_weekend,16.0848
2025-01-08 14:00:00,7,winter_weekend,10.1022
2025-01-08 15:00:00,7,winter_weekend,13.4726
2025-01-08 16:00:00,7,winter_weekend,12.6442
2025-01-08 17:00:00,7,winter_weekend,17.3213
2025-01-08 18:00:00,7,winter_weekend,23.2729
2025-01-08 19:00:00,7,winter_weekend,37.7926
2025-01-08 20:00:00,7,winter_weekend,23.8713
2025-01-08 21:00:00,7,winter_weekend,18.7095
2025-01-08 22:00:00,7,winter_weekend,11.2193
2025-01-08 23:00:00,7,winter_weekend,10.7928
2025-01-10 00:00:00,9,winter_weekday,8.0152
2025-01-10 01:00:00,9,winter_weekday,9.3454
2025-01-10 02:00:00,9,winter_weekday,8.4404
2025-01-10 03:00:00,9,winter_weekday,6.1838
2025-01-10 04:00:00,9,winter_weekday,6.9409
2025-01-10 05:00:00,9,winter_weekday,8.0129
2025-01-10 06:00:00,9,winter_weekday,14.1065
2025-01-10 07:00:00,9,winter_weekday,17.1913
2025-01-10 08:00:00,9,winter_weekday,17.0052
2025-01-10 09:00:00,9,winter_weekday,12.9571
2025-01-10 10:00:00,9,winter_weekday,17.3911
2025-01-10 11:00:00,9,winter_weekday,13.9693
2025-01-10 12:00:00,9,winter_weekday,11.1083
2025-01-10 13:00:00,9,winter_weekday,12.6675
2025-01-10 14:00:00,9,winter_weekday,12.9262
2025-01-10 15:00:00,9,winter_weekday,12.473
2025-01-10 16:00:00,9,winter_weekday,15.8921
2025-01-10 17:00:00,9,winter_weekday,18.6942
2025-01-10 18:00:00,9,winter_weekday,22.393
2025-01-10 19:00:00,9,winter_weekday,24.5651
2025-01-10 20:00:00,9,winter_weekday,26.9188
2025-01-10 21:00:00,9,winter_weekday,15.8157
2025-01-10 22:00:00,9,winter_weekday,13.4504
2025-01-10 23:00:00,9,winter_weekday,10.3716
2025-01-13 00:00:00,12,winter_weekday,7.6271
2025-01-13 01:00:00,12,winter_weekday,10.0122
2025-01-13 02:00:00,12,winter_weekday,9.3719
2025-01-13 03:00:00,12,winter_weekday,9.5979
2025-01-13 04:00:00,12,winter_weekday,9.1282
2025-01-13 05:00:00,12,winter_weekday,15.0797
2025-01-13 06:00:00,12,winter_weekday,13.7833
2025-01-13 07:00:00,12,winter_weekday,16.8765
2025-01-13 08:00:00,12,winter_weekday,23.2618
2025-01-13 09:00:00,12,winter_weekday,15.7446
2025-01-13 10:00:00,12,winter_weekday,17.3253
2025-01-13 11:00:00,12,winter_weekday,14.92
2025-01-13 12:00:00,12,winter_weekday,11.3724
2025-01-13 13:00:00,12,winter_weekday,11.3295
2025-01-13 14:00:00,12,winter_weekday,11.4257
2025-01-13 15:00:00,12,winter_weekday,13.7984
2025-01-13 16:00:00,12,winter_weekday,16.773
2025-01-13 17:00:00,12,winter_weekday,23.7078
2025-01-13 18:00:00,12,winter_weekday,24.9461
2025-01-13 19:00:00,12,winter_weekday,24.133
2025-01-13 20:00:00,12,winter_weekday,20.6945
2025-01-13 21:00:00,12,winter_weekday,21.8664
2025-01-13 22:00:00,12,winter_weekday,16.8867
2025-01-13 23:00:00,12,winter_weekday,12.6672
2025-01-15 00:00:00,14,winter_weekend,9.0551
2025-01-15 01:00:00,14,winter_weekend,7.415
2025-01-15 02:00:00,14,winter_weekend,8.8078
2025-01-15 03:00:00,14,winter_weekend,7.8761
2025-01-15 04:00:00,14,winter_weekend,6.6762
2025-01-15 05:00:00,14,winter_weekend,12.639
2025-01-15 06:00:00,14,winter_weekend,13.3651
2025-01-15 07:00:00,14,winter_weekend,17.1058
2025-01-15 08:00:00,14,winter_weekend,15.9345
2025-01-15 09:00:00,14,winter_weekend,15.0167
2025-01-15 10:00:00,14,winter_weekend,15.7879
2025-01-15 11:00:00,14,winter_weekend,13.332
2025-01-15 12:00:00,14,winter_weekend,14.2181
2025-01-15 13:00:00,14,winter_weekend,13.1287
2025-01-15 14:00:00,14,winter_weekend,14.7832
2025-01-15 15:00:00,14,winter_weekend,14.7812
2025-01-15 16:00:00,14,winter_weekend,11.9931
2025-01-15 17:00:00,14,winter_weekend,20.9968
2025-01-15 18:00:00,14,winter_weekend,23.1368
2025-01-15 19:00:00,14,winter_weekend,29.0832
2025-01-15 20:00:00,14,winter_weekend,28.6202
2025-01-15 21:00:00,14,winter_weekend,22.3731
2025-01-15 22:00:00,14,winter_weekend,13.6117
2025-01-15 23:00:00,14,winter_weekend,15.0726
2025-01-17 00:00:00,16,winter_weekday,7.989
2025-01-17 01:00:00,16,winter_weekday,9.1762
2025-01-17 02:00:00,16,winter_weekday,7.8437
2025-01-17 03:00:00,16,winter_weekday,7.5504
2025-01-17 04:00:00,16,winter_weekday,7.9177
2025-01-17 05:00:00,16,winter_weekday,11.197
2025-01-17 06:00:00,16,winter_weekday,15.6785
2025-01-17 07:00:00,16,winter_weekday,18.7835
2025-01-17 08:00:00,16,winter_weekday,13.711
2025-01-17 09:00:00,16,winter_weekday,15.5172
2025-01-17 10:00:00,16,winter_weekday,10.0298
2025-01-17 11:00:00,16,winter_weekday,13.7088
2025-01-17 12:00:00,16,winter_weekday,15.4914
2025-01-17 13:00:00,16,winter_weekday,14.3803
2025-01-17 14:00:00,16,winter_weekday,12.6417
2025-01-17 15:00:00,16,winter_weekday,13.2552
2025-01-17 16:00:00,16,winter_weekday,11.5039
2025-01-17 17:00:00,16,winter_weekday,19.2981
2025-01-17 18:00:00,16,winter_weekday,32.6607
2025-01-17 19:00:00,16,winter_weekday,27.9331
2025-01-17 20:00:00,16,winter_weekday,24.2088
2025-01-17 21:00:00,16,winter_weekday,23.66
2025-01-17 22:00:00,16,winter_weekday,14.1365
2025-01-17 23:00:00,16,winter_weekday,10.2947
2025-01-19 00:00:00,18,winter_weekday,8.5996
2025-01-19 01:00:00,18,winter_weekday,7.771
2025-01-19 02:00:00,18,winter_weekday,7.2767
2025-01-19 03:00:00,18,winter_weekday,6.378
2025-01-19 04:00:00,18,winter_weekday,7.3303
2025-01-19 05:00:00,18,winter_weekday,11.5395
2025-01-19 06:00:00,18,winter_weekday,15.9814
2025-01-19 07:00:00,18,winter_weekday,18.8947
2025-01-19 08:00:00,18,winter_weekday,16.6248
2025-01-19 09:00:00,18,winter_weekday,19.6107
2025-01-19 10:00:00,18,winter_weekday,17.052
2025-01-19 11:00:00,18,winter_weekday,11.2159
2025-01-19 12:00:00,18,winter_weekday,13.6755
2025-01-19 13:00:00,18,winter_weekday,14.9981
2025-01-19 14:00:00,18,winter_weekday,19.6738
2025-01-19 15:00:00,18,winter_weekday,12.9676
2025-01-19 16:00:00,18,winter_weekday,16.7288
2025-01-19 17:00:00,18,winter_weekday,22.6135
2025-01-19 18:00:00,18,winter_weekday,23.9767
2025-01-19 19:00:00,18,winter_weekday,26.2176
2025-01-19 20:00:00,18,winter_weekday,29.0805
2025-01-19 21:00:00,18,winter_weekday,26.64
2025-01-19 22:00:00,18,winter_weekday,19.4427
2025-01-19 23:00:00,18,winter_weekday,10.828
2025-01-20 00:00:00,19,winter_weekday,8.1424
2025-01-20 01:00:00,19,winter_weekday,8.3763
2025-01-20 02:00:00,19,winter_weekday,9.9151
2025-01-20 03:00:00,19,winter_weekday,6.3657
2025-01-20 04:00:00,19,winter_weekday,8.1293
2025-01-20 05:00:00,19,winter_weekday,13.7395
2025-01-20 06:00:00,19,winter_weekday,11.9836
2025-01-20 07:00:00,19,winter_weekday,13.7648
2025-01-20 08:00:00,19,winter_weekday,16.8402
2025-01-20 09:00:00,19,winter_weekday,17.8376
2025-01-20 10:00:00,19,winter_weekday,15.7076
2025-01-20 11:00:00,19,winter_weekday,14.6052
2025-01-20 12:00:00,19,winter_weekday,11.7476
2025-01-20 13:00:00,19,winter_weekday,15.0939
2025-01-20 14:00:00,19,winter_weekday,14.195
2025-01-20 15:00:00,19,winter_weekday,17.9848
2025-01-20 16:00:00,19,winter_weekday,19.0043
2025-01-20 17:00:00,19,winter_weekday,19.3434
2025-01-20 18:00:00,19,winter_weekday,24.689
2025-01-20 19:00:00,19,winter_weekday,39.6422
2025-01-20 20:00:00,19,winter_weekday,29.088
2025-01-20 21:00:00,19,winter_weekday,17.0032
2025-01-20 22:00:00,19,winter_weekday,18.2232
2025-01-20 23:00:00,19,winter_weekday,9.8231
2025-01-24 00:00:00,23,winter_weekday,7.5572
2025-01-24 01:00:00,23,winter_weekday,6.537
2025-01-24 02:00:00,23,winter_weekday,4.7166
2025-01-24 03:00:00,23,winter_weekday,6.9496
2025-01-24 04:00:00,23,winter_weekday,7.0809
2025-01-24 05:00:00,23,winter_weekday,8.1228
2025-01-24 06:00:00,23,winter_weekday,12.5489
2025-01-24 07:00:00,23,winter_weekday,17.2306
2025-01-24 08:00:00,23,winter_weekday,13.187
2025-01-24 09:00:00,23,winter_weekday,12.239
2025-01-24 10:00:00,23,winter_weekday,12.2211
2025-01-24 11:00:00,23,winter_weekday,16.4746
2025-01-24 12:00:00,23,winter_weekday,12.7883
2025-01-24 13:00:00,23,winter_weekday,13.9452
2025-01-24 14:00:00,23,winter_weekday,10.6006
2025-01-24 15:00:00,23,winter_weekday,10.6805
2025-01-24 16:00:00,23,winter_weekday,16.3016
2025-01-24 17:00:00,23,winter_weekday,17.1999
2025-01-24 18:00:00,23,winter_weekday,24.5219
2025-01-24 19:00:00,23,winter_weekday,24.5807
2025-01-24 20:00:00,23,winter_weekday,25.7544
2025-01-24 21:00:00,23,winter_weekday,19.474
2025-01-24 22:00:00,23,winter_weekday,16.225
2025-01-24 23:00:00,23,winter_weekday,11.1671
2025-01-27 00:00:00,26,winter_weekday,11.1223
2025-01-27 01:00:00,26,winter_weekday,10.4523
2025-01-27 02:00:00,26,winter_weekday,9.0514
2025-01-27 03:00:00,26,winter_weekday,8.36
2025-01-27 04:00:00,26,winter_weekday,10.8066
2025-01-27 05:00:00,26,winter_weekday,12.1173
2025-01-27 06:00:00,26,winter_weekday,15.0884
2025-01-27 07:00:00,26,winter_weekday,25.6105
2025-01-27 08:00:00,26,winter_weekday,18.268
2025-01-27 09:00:00,26,winter_weekday,20.3448
2025-01-27 10:00:00,26,winter_weekday,18.1575
2025-01-27 11:00:00,26,winter_weekday,12.8114
2025-01-27 12:00:00,26,winter_weekday,12.6076
2025-01-27 13:00:00,26,winter_weekday,18.8831
2025-01-27 14:00:00,26,winter_weekday,14.2525
2025-01-27 15:00:00,26,winter_weekday,12.6587
2025-01-27 16:00:00,26,winter_weekday,14.4713
2025-01-27 17:00:00,26,winter_weekday,25.3455
2025-01-27 18:00:00,26,winter_weekday,29.6985
2025-01-27 19:00:00,26,winter_weekday,39.732
2025-01-27 20:00:00,26,winter_weekday,34.8661
2025-01-27 21:00:00,26,winter_weekday,19.4679
2025-01-27 22:00:00,26,winter_weekday,20.1507
2025-01-27 23:00:00,26,winter_weekday,16.7899
2025-01-28 00:00:00,27,winter_weekday,10.3925
2025-01-28 01:00:00,27,winter_weekday,7.7008
2025-01-28 02:00:00,27,winter_weekday,9.4867
2025-01-28 03:00:00,27,winter_weekday,6.5128
2025-01-28 04:00:00,27,winter_weekday,7.1007
2025-01-28 05:00:00,27,winter_weekday,10.513
2025-01-28 06:00:00,27,winter_weekday,13.8491
2025-01-28 07:00:00,27,winter_weekday,16.0478
2025-01-28 08:00:00,27,winter_weekday,14.5894
2025-01-28 09:00:00,27,winter_weekday,16.0675
2025-01-28 10:00:00,27,winter_weekday,12.9895
2025-01-28 11:00:00,27,winter_weekday,13.1758
2025-01-28 12:00:00,27,winter_weekday,14.1925
2025-01-28 13:00:00,27,winter_weekday,12.4881
2025-01-28 14:00:00,27,winter_weekday,12.6845
2025-01-28 15:00:00,27,winter_weekday,12.8977
2025-01-28 16:00:00,27,winter_weekday,16.448
2025-01-28 17:00:00,27,winter_weekday,19.6344
2025-01-28 18:00:00,27,winter_weekday,18.5199
2025-01-28 19:00:00,27,winter_weekday,25.8236
2025-01-28 20:00:00,27,winter_weekday,20.9533
2025-01-28 21:00:00,27,winter_weekday,16.0897
2025-01-28 22:00:00,27,winter_weekday,14.7515
2025-01-28 23:00:00,27,winter_weekday,10.6671
2025-01-30 00:00:00,29,winter_weekday,7.3557
2025-01-30 01:00:00,29,winter_weekday,8.9191
2025-01-30 02:00:00,29,winter_weekday,7.6702
2025-01-30 03:00:00,29,winter_weekday,7.4656
2025-01-30 04:00:00,29,winter_weekday,10.2111
2025-01-30 05:00:00,29,winter_weekday,10.0041
2025-01-30 06:00:00,29,winter_weekday,20.8624
2025-01-30 07:00:00,29,winter_weekday,14.9023
2025-01-30 08:00:00,29,winter_weekday,14.5032
2025-01-30 09:00:00,29,winter_weekday,16.0161
2025-01-30 10:00:00,29,winter_weekday,13.149
2025-01-30 11:00:00,29,winter_weekday,11.7048
2025-01-30 12:00:00,29,winter_weekday,13.9785
2025-01-30 13:00:00,29,winter_weekday,14.3812
2025-01-30 14:00:00,29,winter_weekday,12.817
2025-01-30 15:00:00,29,winter_weekday,15.2619
2025-01-30 16:00:00,29,winter_weekday,19.2986
2025-01-30 17:00:00,29,winter_weekday,23.068
2025-01-30 18:00:00,29,winter_weekday,30.7387
2025-01-30 19:00:00,29,winter_weekday,32.0252
2025-01-30 20:00:00,29,winter_weekday,19.1626
2025-01-30 21:00:00,29,winter_weekday,22.3667
2025-01-30 22:00:00,29,winter_weekday,13.7292
2025-01-30 23:00:00,29,winter_weekday,11.9456
2025-02-02 00:00:00,32,winter_weekend,9.78
2025-02-02 01:00:00,32,winter_weekend,7.6815
2025-02-02 02:00:00,32,winter_weekend,7.6382
2025-02-02 03:00:00,32,winter_weekend,7.645
2025-02-02 04:00:00,32,winter_weekend,7.5343
2025-02-02 05:00:00,32,winter_weekend,9.7733
2025-02-02 06:00:00,32,winter_weekend,14.1473
2025-02-02 07:00:00,32,winter_weekend,15.3206
2025-02-02 08:00:00,32,winter_weekend,18.6502
2025-02-02 09:00:00,32,winter_weekend,14.7973
2025-02-02 10:00:00,32,winter_weekend,17.5423
2025-02-02 11:00:00,32,winter_weekend,13.701
2025-02-02 12:00:00,32,winter_weekend,12.936
2025-02-02 13:00:00,32,winter_weekend,13.3112
2025-02-02 14:00:00,32,winter_weekend,12.289
2025-02-02 15:00:00,32,winter_weekend,14.8243
2025-02-02 16:00:00,32,winter_weekend,15.1549
2025-02-02 17:00:00,32,winter_weekend,14.7375
2025-02-02 18:00:00,32,winter_weekend,32.5605
2025-02-02 19:00:00,32,winter_weekend,25.1746
2025-02-02 20:00:00,32,winter_weekend,19.5927
2025-02-02 21:00:00,32,winter_weekend,18.5646
2025-02-02 22:00:00,32,winter_weekend,13.2707
2025-02-02 23:00:00,32,winter_weekend,9.0636
2025-02-03 00:00:00,33,winter_weekend,8.5579
2025-02-03 01:00:00,33,winter_weekend,8.489
2025-02-03 02:00:00,33,winter_weekend,8.7729
2025-02-03 03:00:00,33,winter_weekend,8.9371
2025-02-03 04:00:00,33,winter_weekend,8.8135
2025-02-03 05:00:00,33,winter_weekend,9.9503
2025-02-03 06:00:00,33,winter_weekend,15.0242
2025-02-03 07:00:00,33,winter_weekend,16.311
2025-02-03 08:00:00,33,winter_weekend,19.3118
2025-02-03 09:00:00,33,winter_weekend,17.953
2025-02-03 10:00:00,33,winter_weekend,13.0698
2025-02-03 11:00:00,33,winter_weekend,14.3752
2025-02-03 12:00:00,33,winter_weekend,14.9574
2025-02-03 13:00:00,33,winter_weekend,11.6535
2025-02-03 14:00:00,33,winter_weekend,16.4847
2025-02-03 15:00:00,33,winter_weekend,14.7112
2025-02-03 16:00:00,33,winter_weekend,16.3156
2025-02-03 17:00:00,33,winter_weekend,17.4985
2025-02-03 18:00:00,33,winter_weekend,20.5738
2025-02-03 19:00:00,33,winter_weekend,24.9962
2025-02-03 20:00:00,33,winter_weekend,26.5964
2025-02-03 21:00:00,33,winter_weekend,22.1355
2025-02-03 22:00:00,33,winter_weekend,17.8794
2025-02-03 23:00:00,33,winter_weekend,10.2417
2025-02-04 00:00:00,34,winter_weekday,8.7544
2025-02-04 01:00:00,34,winter_weekday,9.3982
2025-02-04 02:00:00,34,winter_weekday,7.7491
2025-02-04 03:00:00,34,winter_weekday,9.0815
2025-02-04 04:00:00,34,winter_weekday,8.2307
2025-02-04 05:00:00,34,winter_weekday,10.9038
2025-02-04 06:00:00,34,winter_weekday,13.0194
2025-02-04 07:00:00,34,winter_weekday,17.3286
2025-02-04 08:00:00,34,winter_weekday,16.2294
2025-02-04 09:00:00,34,winter_weekday,15.4931
2025-02-04 10:00:00,34,winter_weekday,17.732
2025-02-04 11:00:00,34,winter_weekday,14.0738
2025-02-04 12:00:00,34,winter_weekday,13.3436
2025-02-04 13:00:00,34,winter_weekday,10.8962
2025-02-04 14:00:00,34,winter_weekday,13.9045
2025-02-04 15:00:00,34,winter_weekday,11.5402
2025-02-04 16:00:00,34,winter_weekday,14.4114
2025-02-04 17:00:00,34,winter_weekday,19.9545
2025-02-04 18:00:00,34,winter_weekday,36.5113
2025-02-04 19:00:00,34,winter_weekday,33.4118
2025-02-04 20:00:00,34,winter_weekday,25.686
2025-02-04 21:00:00,34,winter_weekday,25.0011
2025-02-04 22:00:00,34,winter_weekday,16.1434
2025-02-04 23:00:00,34,winter_weekday,10.7784
2025-02-07 00:00:00,37,winter_weekday,10.6741
2025-02-07 01:00:00,37,winter_weekday,8.524
2025-02-07 02:00:00,37,winter_weekday,7.4805
2025-02-07 03:00:00,37,winter_weekday,8.3089
2025-02-07 04:00:00,37,winter_weekday,9.314
2025-02-07 05:00:00,37,winter_weekday,10.8824
2025-02-07 06:00:00,37,winter_weekday,15.2857
2025-02-07 07:00:00,37,winter_weekday,15.0039
2025-02-07 08:00:00,37,winter_weekday,14.6409
2025-02-07 09:00:00,37,winter_weekday,14.7533
2025-02-07 10:00:00,37,winter_weekday,14.7697
2025-02-07 11:00:00,37,winter_weekday,13.7329
2025-02-07 12:00:00,37,winter_weekday,11.9105
2025-02-07 13:00:00,37,winter_weekday,12.0452
2025-02-07 14:00:00,37,winter_weekday,13.1123
2025-02-07 15:00:00,37,winter_weekday,19.5731
2025-02-07 16:00:00,37,winter_weekday,18.8107
2025-02-07 17:00:00,37,winter_weekday,19.7255
2025-02-07 18:00:00,37,winter_weekday,23.6416
2025-02-07 19:00:00,37,winter_weekday,19.0659
2025-02-07 20:00:00,37,winter_weekday,21.2617
2025-02-07 21:00:00,37,winter_weekday,21.4345
2025-02-07 22:00:00,37,winter_weekday,15.96
2025-02-07 23:00:00,37,winter_weekday,10.5176
2025-02-13 00:00:00,43,winter_weekday,11.0841
2025-02-13 01:00:00,43,winter_weekday,8.4247
2025-02-13 02:00:00,43,winter_weekday,9.0707
2025-02-13 03:00:00,43,winter_weekday,9.1048
2025-02-13 04:00:00,43,winter_weekday,9.2628
2025-02-13 05:00:00,43,winter_weekday,11.1818
2025-02-13 06:00:00,43,winter_weekday,18.376
2025-02-13 07:00:00,43,winter_weekday,20.6423
2025-02-13 08:00:00,43,winter_weekday,18.2172
2025-02-13 09:00:00,43,winter_weekday,20.8975
2025-02-13 10:00:00,43,winter_weekday,21.6031
2025-02-13 11:00:00,43,winter_weekday,15.9723
2025-02-13 12:00:00,43,winter_weekday,16.2433
2025-02-13 13:00:00,43,winter_weekday,14.5273
2025-02-13 14:00:00,43,winter_weekday,16.4885
2025-02-13 15:00:00,43,winter_weekday,19.6854
2025-02-13 16:00:00,43,winter_weekday,19.8113
2025-02-13 17:00:00,43,winter_weekday,21.553
2025-02-13 18:00:00,43,winter_weekday,24.3642
2025-02-13 19:00:00,43,winter_weekday,39.0692
2025-02-13 20:00:00,43,winter_weekday,31.1655
2025-02-13 21:00:00,43,winter_weekday,25.3698
2025-02-13 22:00:00,43,winter_weekday,21.038
2025-02-13 23:00:00,43,winter_weekday,10.704
2025-02-14 00:00:00,44,winter_weekday,10.3139
2025-02-14 01:00:00,44,winter_weekday,7.8883
2025-02-14 02:00:00,44,winter_weekday,9.3555
2025-02-14 03:00:00,44,winter_weekday,9.8378
2025-02-14 04:00:00,44,winter_weekday,10.2046
2025-02-14 05:00:00,44,winter_weekday,13.157
2025-02-14 06:00:00,44,winter_weekday,17.4175
2025-02-14 07:00:00,44,winter_weekday,23.2499
2025-02-14 08:00:00,44,winter_weekday,18.5077
2025-02-14 09:00:00,44,winter_weekday,16.464
2025-02-14 10:00:00,44,winter_weekday,16.5755
2025-02-14 11:00:00,44,winter_weekday,16.2448
2025-02-14 12:00:00,44,winter_weekday,15.0784
2025-02-14 13:00:00,44,winter_weekday,16.0201
2025-02-14 14:00:00,44,winter_weekday,18.4702
2025-02-14 15:00:00,44,winter_weekday,15.8876
2025-02-14 16:00:00,44,winter_weekday,22.1784
2025-02-14 17:00:00,44,winter_weekday,21.2847
2025-02-14 18:00:00,44,winter_weekday,29.1743
2025-02-14 19:00:00,44,winter_weekday,39.4591
2025-02-14 20:00:00,44,winter_weekday,29.1116
2025-02-14 21:00:00,44,winter_weekday,25.3437
2025-02-14 22:00:00,44,winter_weekday,14.1271
2025-02-14 23:00:00,44,winter_weekday,16.4802
2025-02-18 00:00:00,48,winter_weekday,11.9245
2025-02-18 01:00:00,48,winter_weekday,7.7902
2025-02-18 02:00:00,48,winter_weekday,7.907
2025-02-18 03:00:00,48,winter_weekday,8.1147
2025-02-18 04:00:00,48,winter_weekday,10.6873
2025-02-18 05:00:00,48,winter_weekday,12.2764
2025-02-18 06:00:00,48,winter_weekday,16.4413
2025-02-18 07:00:00,48,winter_weekday,20.7419
2025-02-18 08:00:00,48,winter_weekday,15.2275
2025-02-18 09:00:00,48,winter_weekday,17.9705
2025-02-18 10:00:00,48,winter_weekday,20.3316
2025-02-18 11:00:00,48,winter_weekday,17.2651
2025-02-18 12:00:00,48,winter_weekday,15.4083
2025-02-18 13:00:00,48,winter_weekday,16.2937
2025-02-18 14:00:00,48,winter_weekday,17.4439
2025-02-18 15:00:00,48,winter_weekday,11.9483
2025-02-18 16:00:00,48,winter_weekday,15.7276
2025-02-18 17:00:00,48,winter_weekday,22.1576
2025-02-18 18:00:00,48,winter_weekday,19.0057
2025-02-18 19:00:00,48,winter_weekday,30.7549
2025-02-18 20:00:00,48,winter_weekday,37.061
2025-02-18 21:00:00,48,winter_weekday,19.4284
2025-02-18 22:00:00,48,winter_weekday,17.5063
2025-02-18 23:00:00,48,winter_weekday,8.2197
2025-05-03 00:00:00,2,summer_weekend,8.8087
2025-05-03 01:00:00,2,summer_weekend,8.9014
2025-05-03 02:00:00,2,summer_weekend,7.314
2025-05-03 03:00:00,2,summer_weekend,6.6063
2025-05-03 04:00:00,2,summer_weekend,7.277
2025-05-03 05:00:00,2,summer_weekend,9.3312
2025-05-03 06:00:00,2,summer_weekend,13.9203
2025-05-03 07:00:00,2,summer_weekend,15.3884
2025-05-03 08:00:00,2,summer_weekend,18.8054
2025-05-03 09:00:00,2,summer_weekend,14.4165
2025-05-03 10:00:00,2,summer_weekend,14.9395
2025-05-03 11:00:00,2,summer_weekend,14.7695
2025-05-03 12:00:00,2,summer_weekend,13.9104
2025-05-03 13:00:00,2,summer_weekend,13.6758
2025-05-03 14:00:00,2,summer_weekend,12.5603
2025-05-03 15:00:00,2,summer_weekend,13.5
2025-05-03 16:00:00,2,summer_weekend,11.7624
2025-05-03 17:00:00,2,summer_weekend,16.8662
2025-05-03 18:00:00,2,summer_weekend,25.5277
2025-05-03 19:00:00,2,summer_weekend,25.5564
2025-05-03 20:00:00,2,summer_weekend,26.0776
2025-05-03 21:00:00,2,summer_weekend,21.4089
2025-05-03 22:00:00,2,summer_weekend,16.0304
2025-05-03 23:00:00,2,summer_weekend,12.1454
2025-05-04 00:00:00,3,summer_weekday,6.5704
2025-05-04 01:00:00,3,summer_weekday,9.2785
2025-05-04 02:00:00,3,summer_weekday,7.5231
2025-05-04 03:00:00,3,summer_weekday,8.3579
2025-05-04 04:00:00,3,summer_weekday,10.5624
2025-05-04 05:00:00,3,summer_weekday,11.2502
2025-05-04 06:00:00,3,summer_weekday,17.0296
2025-05-04 07:00:00,3,summer_weekday,16.6666
2025-05-04 08:00:00,3,summer_weekday,18.0778
2025-05-04 09:00:00,3,summer_weekday,16.0941
2025-05-04 10:00:00,3,summer_weekday,15.3571
2025-05-04 11:00:00,3,summer_weekday,16.521
2025-05-04 12:00:00,3,summer_weekday,11.4706
2025-05-04 13:00:00,3,summer_weekday,17.3563
2025-05-04 14:00:00,3,summer_weekday,14.6582
2025-05-04 15:00:00,3,summer_weekday,13.7096
2025-05-04 16:00:00,3,summer_weekday,15.0513
2025-05-04 17:00:00,3,summer_weekday,23.1774
2025-05-04 18:00:00,3,summer_weekday,29.4107
2025-05-04 19:00:00,3,summer_weekday,31.5545
2025-05-04 20:00:00,3,summer_weekday,28.1039
2025-05-04 21:00:00,3,summer_weekday,27.3387
2025-05-04 22:00:00,3,summer_weekday,15.9352
2025-05-04 23:00:00,3,summer_weekday,10.4518
2025-05-05 00:00:00,4,summer_weekday,10.1276
2025-05-05 01:00:00,4,summer_weekday,9.7965
2025-05-05 02:00:00,4,summer_weekday,7.6072
2025-05-05 03:00:00,4,summer_weekday,8.2629
2025-05-05 04:00:00,4,summer_weekday,10.6053
2025-05-05 05:00:00,4,summer_weekday,11.9186
2025-05-05 06:00:00,4,summer_weekday,14.2506
2025-05-05 07:00:00,4,summer_weekday,21.5036
2025-05-05 08:00:00,4,summer_weekday,22.9849
2025-05-05 09:00:00,4,summer_weekday,22.7907
2025-05-05 10:00:00,4,summer_weekday,22.9364
2025-05-05 11:00:00,4,summer_weekday,23.3149
2025-05-05 12:00:00,4,summer_weekday,17.0438
2025-05-05 13:00:00,4,summer_weekday,13.8196
2025-05-05 14:00:00,4,summer_weekday,12.8371
2025-05-05 15:00:00,4,summer_weekday,20.2887
2025-05-05 16:00:00,4,summer_weekday,18.6191
2025-05-05 17:00:00,4,summer_weekday,22.4707
2025-05-05 18:00:00,4,summer_weekday,28.1586
2025-05-05 19:00:00,4,summer_weekday,34.3978
2025-05-05 20:00:00,4,summer_weekday,37.0294
2025-05-05 21:00:00,4,summer_weekday,26.2023
2025-05-05 22:00:00,4,summer_weekday,19.8148
2025-05-05 23:00:00,4,summer_weekday,12.7065
2025-05-07 00:00:00,6,summer_weekday,11.6013
2025-05-07 01:00:00,6,summer_weekday,9.693
2025-05-07 02:00:00,6,summer_weekday,8.24
2025-05-07 03:00:00,6,summer_weekday,12.5476
2025-05-07 04:00:00,6,summer_weekday,13.0464
2025-05-07 05:00:00,6,summer_weekday,12.5479
2025-05-07 06:00:00,6,summer_weekday,17.6634
2025-05-07 07:00:00,6,summer_weekday,24.0454
2025-05-07 08:00:00,6,summer_weekday,20.0
2025-05-07 09:00:00,6,summer_weekday,19.5338
2025-05-07 10:00:00,6,summer_weekday,20.8415
2025-05-07 11:00:00,6,summer_weekday,17.4678
2025-05-07 12:00:00,6,summer_weekday,16.5159
2025-05-07 13:00:00,6,summer_weekday,16.5959
2025-05-07 14:00:00,6,summer_weekday,17.4992
2025-05-07 15:00:00,6,summer_weekday,23.1338
2025-05-07 16:00:00,6,summer_weekday,21.9803
2025-05-07 17:00:00,6,summer_weekday,28.9537
2025-05-07 18:00:00,6,summer_weekday,30.6901
2025-05-07 19:00:00,6,summer_weekday,26.9067
2025-05-07 20:00:00,6,summer_weekday,29.2886
2025-05-07 21:00:00,6,summer_weekday,23.8962
2025-05-07 22:00:00,6,summer_weekday,18.4237
2025-05-07 23:00:00,6,summer_weekday,13.4234
2025-05-14 00:00:00,13,summer_weekday,13.3342
2025-05-14 01:00:00,13,summer_weekday,8.6548
2025-05-14 02:00:00,13,summer_weekday,9.8172
2025-05-14 03:00:00,13,summer_weekday,11.2083
2025-05-14 04:00:00,13,summer_weekday,11.5259
2025-05-14 05:00:00,13,summer_weekday,13.4683
2025-05-14 06:00:00,13,summer_weekday,21.1561
2025-05-14 07:00:00,13,summer_weekday,20.1003
2025-05-14 08:00:00,13,summer_weekday,27.4315
2025-05-14 09:00:00,13,summer_weekday,25.9711
2025-05-14 10:00:00,13,summer_weekday,15.1462
2025-05-14 11:00:00,13,summer_weekday,17.1723
2025-05-14 12:00:00,13,summer_weekday,14.862
2025-05-14 13:00:00,13,summer_weekday,13.9526
2025-05-14 14:00:00,13,summer_weekday,17.1327
2025-05-14 15:00:00,13,summer_weekday,19.5747
2025-05-14 16:00:00,13,summer_weekday,22.4913
2025-05-14 17:00:00,13,summer_weekday,23.6263
2025-05-14 18:00:00,13,summer_weekday,34.664
2025-05-14 19:00:00,13,summer_weekday,44.0693
2025-05-14 20:00:00,13,summer_weekday,35.6413
2025-05-14 21:00:00,13,summer_weekday,33.5354
2025-05-14 22:00:00,13,summer_weekday,21.1363
2025-05-14 23:00:00,13,summer_weekday,13.838
2025-05-21 00:00:00,20,summer_weekday,10.1956
2025-05-21 01:00:00,20,summer_weekday,8.6419
2025-05-21 02:00:00,20,summer_weekday,9.6856
2025-05-21 03:00:00,20,summer_weekday,8.7222
2025-05-21 04:00:00,20,summer_weekday,10.6372
2025-05-21 05:00:00,20,summer_weekday,12.2641
2025-05-21 06:00:00,20,summer_weekday,16.3997
2025-05-21 07:00:00,20,summer_weekday,21.7041
2025-05-21 08:00:00,20,summer_weekday,23.4124
2025-05-21 09:00:00,20,summer_weekday,14.4934
2025-05-21 10:00:00,20,summer_weekday,20.758
2025-05-21 11:00:00,20,summer_weekday,22.7278
2025-05-21 12:00:00,20,summer_weekday,20.9027
2025-05-21 13:00:00,20,summer_weekday,12.1402
2025-05-21 14:00:00,20,summer_weekday,20.1274
2025-05-21 15:00:00,20,summer_weekday,18.0427
2025-05-21 16:00:00,20,summer_weekday,19.9223
2025-05-21 17:00:00,20,summer_weekday,21.8268
2025-05-21 18:00:00,20,summer_weekday,33.8594
2025-05-21 19:00:00,20,summer_weekday,34.6251
2025-05-21 20:00:00,20,summer_weekday,30.9393
2025-05-21 21:00:00,20,summer_weekday,30.4394
2025-05-21 22:00:00,20,summer_weekday,26.2797
2025-05-21 23:00:00,20,summer_weekday,14.8612
2025-05-26 00:00:00,25,summer_weekday,11.7441
2025-05-26 01:00:00,25,summer_weekday,10.7428
2025-05-26 02:00:00,25,summer_weekday,8.1999
2025-05-26 03:00:00,25,summer_weekday,9.5517
2025-05-26 04:00:00,25,summer_weekday,11.3953
2025-05-26 05:00:00,25,summer_weekday,17.1367
2025-05-26 06:00:00,25,summer_weekday,20.1816
2025-05-26 07:00:00,25,summer_weekday,21.8722
2025-05-26 08:00:00,25,summer_weekday,26.7494
2025-05-26 09:00:00,25,summer_weekday,18.1871
2025-05-26 10:00:00,25,summer_weekday,17.65
2025-05-26 11:00:00,25,summer_weekday,15.5342
2025-05-26 12:00:00,25,summer_weekday,18.2003
2025-05-26 13:00:00,25,summer_weekday,14.4495
2025-05-26 14:00:00,25,summer_weekday,13.6764
2025-05-26 15:00:00,25,summer_weekday,22.8683
2025-05-26 16:00:00,25,summer_weekday,24.1441
2025-05-26 17:00:00,25,summer_weekday,20.233
2025-05-26 18:00:00,25,summer_weekday,32.1635
2025-05-26 19:00:00,25,summer_weekday,37.6736
2025-05-26 20:00:00,25,summer_weekday,34.2742
2025-05-26 21:00:00,25,summer_weekday,32.1065
2025-05-26 22:00:00,25,summer_weekday,21.736
2025-05-26 23:00:00,25,summer_weekday,12.8645
2025-05-31 00:00:00,30,summer_weekday,13.2579
2025-05-31 01:00:00,30,summer_weekday,11.7508
2025-05-31 02:00:00,30,summer_weekday,11.0718
2025-05-31 03:00:00,30,summer_weekday,10.1891
2025-05-31 04:00:00,30,summer_weekday,9.1307
2025-05-31 05:00:00,30,summer_weekday,13.5203
2025-05-31 06:00:00,30,summer_weekday,22.0329
2025-05-31 07:00:00,30,summer_weekday,26.1561
2025-05-31 08:00:00,30,summer_weekday,25.0046
2025-05-31 09:00:00,30,summer_weekday,24.8378
2025-05-31 10:00:00,30,summer_weekday,20.3529
2025-05-31 11:00:00,30,summer_weekday,20.6121
2025-05-31 12:00:00,30,summer_weekday,19.6297
2025-05-31 13:00:00,30,summer_weekday,17.8945
2025-05-31 14:00:00,30,summer_weekday,19.2155
2025-05-31 15:00:00,30,summer_weekday,12.7807
2025-05-31 16:00:00,30,summer_weekday,23.7944
2025-05-31 17:00:00,30,summer_weekday,19.8261
2025-05-31 18:00:00,30,summer_weekday,25.453
2025-05-31 19:00:00,30,summer_weekday,48.3361
2025-05-31 20:00:00,30,summer_weekday,40.1126
2025-05-31 21:00:00,30,summer_weekday,26.7737
2025-05-31 22:00:00,30,summer_weekday,20.219
2025-05-31 23:00:00,30,summer_weekday,17.3764
2025-06-01 00:00:00,31,summer_weekday,10.2544
2025-06-01 01:00:00,31,summer_weekday,11.6715
2025-06-01 02:00:00,31,summer_weekday,10.1996
2025-06-01 03:00:00,31,summer_weekday,8.8801
2025-06-01 04:00:00,31,summer_weekday,11.303
2025-06-01 05:00:00,31,summer_weekday,11.8827
2025-06-01 06:00:00,31,summer_weekday,21.6182
2025-06-01 07:00:00,31,summer_weekday,21.5986
2025-06-01 08:00:00,31,summer_weekday,21.8937
2025-06-01 09:00:00,31,summer_weekday,23.0462
2025-06-01 10:00:00,31,summer_weekday,22.835
2025-06-01 11:00:00,31,summer_weekday,19.0559
2025-06-01 12:00:00,31,summer_weekday,15.7283
2025-06-01 13:00:00,31,summer_weekday,20.1509
2025-06-01 14:00:00,31,summer_weekday,22.136
2025-06-01 15:00:00,31,summer_weekday,18.697
2025-06-01 16:00:00,31,summer_weekday,20.4653
2025-06-01 17:00:00,31,summer_weekday,22.2085
2025-06-01 18:00:00,31,summer_weekday,32.279
2025-06-01 19:00:00,31,summer_weekday,31.1096
2025-06-01 20:00:00,31,summer_weekday,47.3091
2025-06-01 21:00:00,31,summer_weekday,33.2804
2025-06-01 22:00:00,31,summer_weekday,21.8498
2025-06-01 23:00:00,31,summer_weekday,17.1208
2025-06-05 00:00:00,35,summer_weekday,10.3127
2025-06-05 01:00:00,35,summer_weekday,9.7631
2025-06-05 02:00:00,35,summer_weekday,11.4273
2025-06-05 03:00:00,35,summer_weekday,6.6272
2025-06-05 04:00:00,35,summer_weekday,9.6265
2025-06-05 05:00:00,35,summer_weekday,14.5149
2025-06-05 06:00:00,35,summer_weekday,19.5621
2025-06-05 07:00:00,35,summer_weekday,22.2411
2025-06-05 08:00:00,35,summer_weekday,21.6392
2025-06-05 09:00:00,35,summer_weekday,21.3015
2025-06-05 10:00:00,35,summer_weekday,24.9586
2025-06-05 11:00:00,35,summer_weekday,19.8394
2025-06-05 12:00:00,35,summer_weekday,17.7142
2025-06-05 13:00:00,35,summer_weekday,17.7554
2025-06-05 14:00:00,35,summer_weekday,12.9733
2025-06-05 15:00:00,35,summer_weekday,17.7895
2025-06-05 16:00:00,35,summer_weekday,17.5082
2025-06-05 17:00:00,35,summer_weekday,21.295
2025-06-05 18:00:00,35,summer_weekday,34.1539
2025-06-05 19:00:00,35,summer_weekday,37.1078
2025-06-05 20:00:00,35,summer_weekday,32.9484
2025-06-05 21:00:00,35,summer_weekday,24.1071
2025-06-05 22:00:00,35,summer_weekday,16.7325
2025-06-05 23:00:00,35,summer_weekday,12.2307
2025-06-06 00:00:00,36,summer_weekday,9.1233
2025-06-06 01:00:00,36,summer_weekday,10.6319
2025-06-06 02:00:00,36,summer_weekday,8.9042
2025-06-06 03:00:00,36,summer_weekday,7.8217
2025-06-06 04:00:00,36,summer_weekday,10.0264
2025-06-06 05:00:00,36,summer_weekday,12.0676
2025-06-06 06:00:00,36,summer_weekday,15.9974
2025-06-06 07:00:00,36,summer_weekday,24.6714
2025-06-06 08:00:00,36,summer_weekday,18.1459
2025-06-06 09:00:00,36,summer_weekday,20.09
2025-06-06 10:00:00,36,summer_weekday,13.3211
2025-06-06 11:00:00,36,summer_weekday,15.6139
2025-06-06 12:00:00,36,summer_weekday,15.9087
2025-06-06 13:00:00,36,summer_weekday,15.2898
2025-06-06 14:00:00,36,summer_weekday,20.5265
2025-06-06 15:00:00,36,summer_weekday,17.748
2025-06-06 16:00:00,36,summer_weekday,23.2547
2025-06-06 17:00:00,36,summer_weekday,28.3337
2025-06-06 18:00:00,36,summer_weekday,29.9809
2025-06-06 19:00:00,36,summer_weekday,32.5912
2025-06-06 20:00:00,36,summer_weekday,31.4669
2025-06-06 21:00:00,36,summer_weekday,32.6695
2025-06-06 22:00:00,36,summer_weekday,13.877
2025-06-06 23:00:00,36,summer_weekday,10.9674
2025-06-08 00:00:00,38,summer_weekend,9.0317
2025-06-08 01:00:00,38,summer_weekend,10.2073
2025-06-08 02:00:00,38,summer_weekend,7.611
2025-06-08 03:00:00,38,summer_weekend,8.7884
2025-06-08 04:00:00,38,summer_weekend,8.9508
2025-06-08 05:00:00,38,summer_weekend,11.2958
2025-06-08 06:00:00,38,summer_weekend,15.2661
2025-06-08 07:00:00,38,summer_weekend,19.6991
2025-06-08 08:00:00,38,summer_weekend,22.4752
2025-06-08 09:00:00,38,summer_weekend,21.0962
2025-06-08 10:00:00,38,summer_weekend,18.7097
2025-06-08 11:00:00,38,summer_weekend,17.054
2025-06-08 12:00:00,38,summer_weekend,12.1094
2025-06-08 13:00:00,38,summer_weekend,15.8637
2025-06-08 14:00:00,38,summer_weekend,19.998
2025-06-08 15:00:00,38,summer_weekend,19.8257
2025-06-08 16:00:00,38,summer_weekend,15.2753
2025-06-08 17:00:00,38,summer_weekend,20.0769
2025-06-08 18:00:00,38,summer_weekend,31.5086
2025-06-08 19:00:00,38,summer_weekend,29.0872
2025-06-08 20:00:00,38,summer_weekend,22.2952
2025-06-08 21:00:00,38,summer_weekend,22.9025
2025-06-08 22:00:00,38,summer_weekend,20.5865
2025-06-08 23:00:00,38,summer_weekend,12.4218
2025-06-11 00:00:00,41,summer_weekday,10.5886
2025-06-11 01:00:00,41,summer_weekday,9.0252
2025-06-11 02:00:00,41,summer_weekday,7.8742
2025-06-11 03:00:00,41,summer_weekday,9.4649
2025-06-11 04:00:00,41,summer_weekday,6.2398
2025-06-11 05:00:00,41,summer_weekday,9.007
2025-06-11 06:00:00,41,summer_weekday,16.3115
2025-06-11 07:00:00,41,summer_weekday,20.5083
2025-06-11 08:00:00,41,summer_weekday,17.8374
2025-06-11 09:00:00,41,summer_weekday,13.9413
2025-06-11 10:00:00,41,summer_weekday,15.9833
2025-06-11 11:00:00,41,summer_weekday,22.4141
2025-06-11 12:00:00,41,summer_weekday,16.6118
2025-06-11 13:00:00,41,summer_weekday,13.9885
2025-06-11 14:00:00,41,summer_weekday,18.1905
2025-06-11 15:00:00,41,summer_weekday,14.5172
2025-06-11 16:00:00,41,summer_weekday,14.0073
2025-06-11 17:00:00,41,summer_weekday,22.1493
2025-06-11 18:00:00,41,summer_weekday,27.2814
2025-06-11 19:00:00,41,summer_weekday,19.2095
2025-06-11 20:00:00,41,summer_weekday,25.7426
2025-06-11 21:00:00,41,summer_weekday,20.4085
2025-06-11 22:00:00,41,summer_weekday,15.559
2025-06-11 23:00:00,41,summer_weekday,11.859
2025-06-15 00:00:00,45,summer_weekday,11.8422
2025-06-15 01:00:00,45,summer_weekday,11.0916
2025-06-15 02:00:00,45,summer_weekday,9.7177
2025-06-15 03:00:00,45,summer_weekday,10.8908
2025-06-15 04:00:00,45,summer_weekday,9.5746
2025-06-15 05:00:00,45,summer_weekday,16.1667
2025-06-15 06:00:00,45,summer_weekday,14.5955
2025-06-15 07:00:00,45,summer_weekday,23.7111
2025-06-15 08:00:00,45,summer_weekday,27.6157
2025-06-15 09:00:00,45,summer_weekday,17.1184
2025-06-15 10:00:00,45,summer_weekday,22.0486
2025-06-15 11:00:00,45,summer_weekday,19.6523
2025-06-15 12:00:00,45,summer_weekday,18.4825
2025-06-15 13:00:00,45,summer_weekday,18.0939
2025-06-15 14:00:00,45,summer_weekday,16.6128
2025-06-15 15:00:00,45,summer_weekday,16.5903
2025-06-15 16:00:00,45,summer_weekday,22.1605
2025-06-15 17:00:00,45,summer_weekday,27.2746
2025-06-15 18:00:00,45,summer_weekday,36.1432
2025-06-15 19:00:00,45,summer_weekday,29.2637
2025-06-15 20:00:00,45,summer_weekday,34.2934
2025-06-15 21:00:00,45,summer_weekday,29.8558
2025-06-15 22:00:00,45,summer_weekday,15.511
2025-06-15 23:00:00,45,summer_weekday,14.6785
2025-08-02 00:00:00,1,monsoon_weekday,10.6511
2025-08-02 01:00:00,1,monsoon_weekday,10.6204
2025-08-02 02:00:00,1,monsoon_weekday,7.9456
2025-08-02 03:00:00,1,monsoon_weekday,7.1374
2025-08-02 04:00:00,1,monsoon_weekday,7.3944
2025-08-02 05:00:00,1,monsoon_weekday,12.9819
2025-08-02 06:00:00,1,monsoon_weekday,16.4449
2025-08-02 07:00:00,1,monsoon_weekday,19.3275
2025-08-02 08:00:00,1,monsoon_weekday,16.9782
2025-08-02 09:00:00,1,monsoon_weekday,19.1671
2025-08-02 10:00:00,1,monsoon_weekday,16.8408
2025-08-02 11:00:00,1,monsoon_weekday,15.6227
2025-08-02 12:00:00,1,monsoon_weekday,19.6317
2025-08-02 13:00:00,1,monsoon_weekday,12.1219
2025-08-02 14:00:00,1,monsoon_weekday,15.4145
2025-08-02 15:00:00,1,monsoon_weekday,15.9119
2025-08-02 16:00:00,1,monsoon_weekday,21.4581
2025-08-02 17:00:00,1,monsoon_weekday,29.2643
2025-08-02 18:00:00,1,monsoon_weekday,21.6322
2025-08-02 19:00:00,1,monsoon_weekday,27.6807
2025-08-02 20:00:00,1,monsoon_weekday,28.7696
2025-08-02 21:00:00,1,monsoon_weekday,21.2572
2025-08-02 22:00:00,1,monsoon_weekday,15.6661
2025-08-02 23:00:00,1,monsoon_weekday,14.7717
2025-08-09 00:00:00,8,monsoon_weekday,11.6374
2025-08-09 01:00:00,8,monsoon_weekday,8.9204
2025-08-09 02:00:00,8,monsoon_weekday,6.9142
2025-08-09 03:00:00,8,monsoon_weekday,6.5148
2025-08-09 04:00:00,8,monsoon_weekday,12.6643
2025-08-09 05:00:00,8,monsoon_weekday,9.8251
2025-08-09 06:00:00,8,monsoon_weekday,13.7416
2025-08-09 07:00:00,8,monsoon_weekday,23.2641
2025-08-09 08:00:00,8,monsoon_weekday,26.7845
2025-08-09 09:00:00,8,monsoon_weekday,15.5656
2025-08-09 10:00:00,8,monsoon_weekday,14.4492
2025-08-09 11:00:00,8,monsoon_weekday,16.1418
2025-08-09 12:00:00,8,monsoon_weekday,17.7942
2025-08-09 13:00:00,8,monsoon_weekday,12.9841
2025-08-09 14:00:00,8,monsoon_weekday,14.5625
2025-08-09 15:00:00,8,monsoon_weekday,18.8126
2025-08-09 16:00:00,8,monsoon_weekday,19.0351
2025-08-09 17:00:00,8,monsoon_weekday,21.6396
2025-08-09 18:00:00,8,monsoon_weekday,26.5669
2025-08-09 19:00:00,8,monsoon_weekday,23.6221
2025-08-09 20:00:00,8,monsoon_weekday,27.2677
2025-08-09 21:00:00,8,monsoon_weekday,23.1202
2025-08-09 22:00:00,8,monsoon_weekday,15.6912
2025-08-09 23:00:00,8,monsoon_weekday,9.9298
2025-08-11 00:00:00,10,monsoon_weekday,8.9034
2025-08-11 01:00:00,10,monsoon_weekday,8.9684
2025-08-11 02:00:00,10,monsoon_weekday,7.1311
2025-08-11 03:00:00,10,monsoon_weekday,7.8386
2025-08-11 04:00:00,10,monsoon_weekday,10.5637
2025-08-11 05:00:00,10,monsoon_weekday,12.5272
2025-08-11 06:00:00,10,monsoon_weekday,18.1493
2025-08-11 07:00:00,10,monsoon_weekday,20.4053
2025-08-11 08:00:00,10,monsoon_weekday,23.3097
2025-08-11 09:00:00,10,monsoon_weekday,21.5697
2025-08-11 10:00:00,10,monsoon_weekday,16.2062
2025-08-11 11:00:00,10,monsoon_weekday,17.4369
2025-08-11 12:00:00,10,monsoon_weekday,15.035
2025-08-11 13:00:00,10,monsoon_weekday,13.1659
2025-08-11 14:00:00,10,monsoon_weekday,14.3148
2025-08-11 15:00:00,10,monsoon_weekday,16.8079
2025-08-11 16:00:00,10,monsoon_weekday,14.4349
2025-08-11 17:00:00,10,monsoon_weekday,23.3605
2025-08-11 18:00:00,10,monsoon_weekday,26.1236
2025-08-11 19:00:00,10,monsoon_weekday,34.6406
2025-08-11 20:00:00,10,monsoon_weekday,34.7527
2025-08-11 21:00:00,10,monsoon_weekday,32.9148
2025-08-11 22:00:00,10,monsoon_weekday,17.4947
2025-08-11 23:00:00,10,monsoon_weekday,10.0315
2025-08-12 00:00:00,11,monsoon_weekend,8.5525
2025-08-12 01:00:00,11,monsoon_weekend,8.2739
2025-08-12 02:00:00,11,monsoon_weekend,7.7857
2025-08-12 03:00:00,11,monsoon_weekend,4.8124
2025-08-12 04:00:00,11,monsoon_weekend,7.4577
2025-08-12 05:00:00,11,monsoon_weekend,9.9437
2025-08-12 06:00:00,11,monsoon_weekend,14.1281
2025-08-12 07:00:00,11,monsoon_weekend,22.7324
2025-08-12 08:00:00,11,monsoon_weekend,15.8314
2025-08-12 09:00:00,11,monsoon_weekend,13.9385
2025-08-12 10:00:00,11,monsoon_weekend,12.4377
2025-08-12 11:00:00,11,monsoon_weekend,10.6869
2025-08-12 12:00:00,11,monsoon_weekend,15.0303
2025-08-12 13:00:00,11,monsoon_weekend,12.6392
2025-08-12 14:00:00,11,monsoon_weekend,13.21
2025-08-12 15:00:00,11,monsoon_weekend,12.1802
2025-08-12 16:00:00,11,monsoon_weekend,16.7294
2025-08-12 17:00:00,11,monsoon_weekend,19.4844
2025-08-12 18:00:00,11,monsoon_weekend,22.5513
2025-08-12 19:00:00,11,monsoon_weekend,23.6822
2025-08-12 20:00:00,11,monsoon_weekend,30.8127
2025-08-12 21:00:00,11,monsoon_weekend,18.5602
2025-08-12 22:00:00,11,monsoon_weekend,14.3514
2025-08-12 23:00:00,11,monsoon_weekend,10.5877
2025-08-16 00:00:00,15,monsoon_weekday,10.5421
2025-08-16 01:00:00,15,monsoon_weekday,10.1956
2025-08-16 02:00:00,15,monsoon_weekday,8.5468
2025-08-16 03:00:00,15,monsoon_weekday,7.6204
2025-08-16 04:00:00,15,monsoon_weekday,7.326
2025-08-16 05:00:00,15,monsoon_weekday,10.7506
2025-08-16 06:00:00,15,monsoon_weekday,14.2379
2025-08-16 07:00:00,15,monsoon_weekday,18.0327
2025-08-16 08:00:00,15,monsoon_weekday,30.1441
2025-08-16 09:00:00,15,monsoon_weekday,21.9578
2025-08-16 10:00:00,15,monsoon_weekday,14.2918
2025-08-16 11:00:00,15,monsoon_weekday,16.2379
2025-08-16 12:00:00,15,monsoon_weekday,15.3569
2025-08-16 13:00:00,15,monsoon_weekday,15.3236
2025-08-16 14:00:00,15,monsoon_weekday,15.2314
2025-08-16 15:00:00,15,monsoon_weekday,18.2745
2025-08-16 16:00:00,15,monsoon_weekday,19.5325
2025-08-16 17:00:00,15,monsoon_weekday,26.2381
2025-08-16 18:00:00,15,monsoon_weekday,25.5605
2025-08-16 19:00:00,15,monsoon_weekday,32.746
2025-08-16 20:00:00,15,monsoon_weekday,37.9534
2025-08-16 21:00:00,15,monsoon_weekday,25.4705
2025-08-16 22:00:00,15,monsoon_weekday,16.8946
2025-08-16 23:00:00,15,monsoon_weekday,12.4443
2025-08-18 00:00:00,17,monsoon_weekend,11.1268
2025-08-18 01:00:00,17,monsoon_weekend,9.8389
2025-08-18 02:00:00,17,monsoon_weekend,10.9536
2025-08-18 03:00:00,17,monsoon_weekend,8.108
2025-08-18 04:00:00,17,monsoon_weekend,10.5162
2025-08-18 05:00:00,17,monsoon_weekend,11.6673
2025-08-18 06:00:00,17,monsoon_weekend,18.7698
2025-08-18 07:00:00,17,monsoon_weekend,20.7887
2025-08-18 08:00:00,17,monsoon_weekend,20.982
2025-08-18 09:00:00,17,monsoon_weekend,16.2655
2025-08-18 10:00:00,17,monsoon_weekend,16.2522
2025-08-18 11:00:00,17,monsoon_weekend,17.0994
2025-08-18 12:00:00,17,monsoon_weekend,11.3292
2025-08-18 13:00:00,17,monsoon_weekend,16.0243
2025-08-18 14:00:00,17,monsoon_weekend,13.8189
2025-08-18 15:00:00,17,monsoon_weekend,22.6109
2025-08-18 16:00:00,17,monsoon_weekend,12.9894
2025-08-18 17:00:00,17,monsoon_weekend,19.5529
2025-08-18 18:00:00,17,monsoon_weekend,28.8746
2025-08-18 19:00:00,17,monsoon_weekend,25.9014
2025-08-18 20:00:00,17,monsoon_weekend,28.4091
2025-08-18 21:00:00,17,monsoon_weekend,25.9769
2025-08-18 22:00:00,17,monsoon_weekend,18.048
2025-08-18 23:00:00,17,monsoon_weekend,12.1635
2025-08-22 00:00:00,21,monsoon_weekday,11.0536
2025-08-22 01:00:00,21,monsoon_weekday,7.9513
2025-08-22 02:00:00,21,monsoon_weekday,7.3937
2025-08-22 03:00:00,21,monsoon_weekday,7.8024
2025-08-22 04:00:00,21,monsoon_weekday,7.8658
2025-08-22 05:00:00,21,monsoon_weekday,11.214
2025-08-22 06:00:00,21,monsoon_weekday,14.5646
2025-08-22 07:00:00,21,monsoon_weekday,15.8278
2025-08-22 08:00:00,21,monsoon_weekday,14.7338
2025-08-22 09:00:00,21,monsoon_weekday,17.833
2025-08-22 10:00:00,21,monsoon_weekday,13.4382
2025-08-22 11:00:00,21,monsoon_weekday,17.6095
2025-08-22 12:00:00,21,monsoon_weekday,12.899
2025-08-22 13:00:00,21,monsoon_weekday,9.3904
2025-08-22 14:00:00,21,monsoon_weekday,10.7251
2025-08-22 15:00:00,21,monsoon_weekday,15.0896
2025-08-22 16:00:00,21,monsoon_weekday,16.1795
2025-08-22 17:00:00,21,monsoon_weekday,14.0449
2025-08-22 18:00:00,21,monsoon_weekday,26.6634
2025-08-22 19:00:00,21,monsoon_weekday,27.5547
2025-08-22 20:00:00,21,monsoon_weekday,30.3838
2025-08-22 21:00:00,21,monsoon_weekday,18.5313
2025-08-22 22:00:00,21,monsoon_weekday,17.3328
2025-08-22 23:00:00,21,monsoon_weekday,11.7255
2025-08-23 00:00:00,22,monsoon_weekday,11.3573
2025-08-23 01:00:00,22,monsoon_weekday,8.6969
2025-08-23 02:00:00,22,monsoon_weekday,7.5536
2025-08-23 03:00:00,22,monsoon_weekday,6.4156
2025-08-23 04:00:00,22,monsoon_weekday,11.0219
2025-08-23 05:00:00,22,monsoon_weekday,14.8883
2025-08-23 06:00:00,22,monsoon_weekday,14.0129
2025-08-23 07:00:00,22,monsoon_weekday,17.6337
2025-08-23 08:00:00,22,monsoon_weekday,20.3116
2025-08-23 09:00:00,22,monsoon_weekday,20.1428
2025-08-23 10:00:00,22,monsoon_weekday,18.5233
2025-08-23 11:00:00,22,monsoon_weekday,11.0227
2025-08-23 12:00:00,22,monsoon_weekday,12.9146
2025-08-23 13:00:00,22,monsoon_weekday,13.0395
2025-08-23 14:00:00,22,monsoon_weekday,10.5518
2025-08-23 15:00:00,22,monsoon_weekday,14.9804
2025-08-23 16:00:00,22,monsoon_weekday,16.5042
2025-08-23 17:00:00,22,monsoon_weekday,23.0482
2025-08-23 18:00:00,22,monsoon_weekday,32.0715
2025-08-23 19:00:00,22,monsoon_weekday,28.7738
2025-08-23 20:00:00,22,monsoon_weekday,24.1457
2025-08-23 21:00:00,22,monsoon_weekday,23.8583
2025-08-23 22:00:00,22,monsoon_weekday,24.7875
2025-08-23 23:00:00,22,monsoon_weekday,11.6003
2025-08-25 00:00:00,24,monsoon_weekend,7.5465
2025-08-25 01:00:00,24,monsoon_weekend,8.5979
2025-08-25 02:00:00,24,monsoon_weekend,8.686
2025-08-25 03:00:00,24,monsoon_weekend,7.1062
2025-08-25 04:00:00,24,monsoon_weekend,8.7236
2025-08-25 05:00:00,24,monsoon_weekend,9.7696
2025-08-25 06:00:00,24,monsoon_weekend,13.3284
2025-08-25 07:00:00,24,monsoon_weekend,18.3328
2025-08-25 08:00:00,24,monsoon_weekend,22.4266
2025-08-25 09:00:00,24,monsoon_weekend,15.1074
2025-08-25 10:00:00,24,monsoon_weekend,19.3538
2025-08-25 11:00:00,24,monsoon_weekend,17.8394
2025-08-25 12:00:00,24,monsoon_weekend,17.0549
2025-08-25 13:00:00,24,monsoon_weekend,11.8962
2025-08-25 14:00:00,24,monsoon_weekend,16.6479
2025-08-25 15:00:00,24,monsoon_weekend,16.2554
2025-08-25 16:00:00,24,monsoon_weekend,20.8319
2025-08-25 17:00:00,24,monsoon_weekend,22.82
2025-08-25 18:00:00,24,monsoon_weekend,35.0302
2025-08-25 19:00:00,24,monsoon_weekend,34.6054
2025-08-25 20:00:00,24,monsoon_weekend,29.3145
2025-08-25 21:00:00,24,monsoon_weekend,23.5237
2025-08-25 22:00:00,24,monsoon_weekend,13.5997
2025-08-25 23:00:00,24,monsoon_weekend,12.5866
2025-08-29 00:00:00,28,monsoon_weekday,9.8399
2025-08-29 01:00:00,28,monsoon_weekday,9.0016
2025-08-29 02:00:00,28,monsoon_weekday,6.4775
2025-08-29 03:00:00,28,monsoon_weekday,8.9616
2025-08-29 04:00:00,28,monsoon_weekday,9.9659
2025-08-29 05:00:00,28,monsoon_weekday,8.3427
2025-08-29 06:00:00,28,monsoon_weekday,11.9738
2025-08-29 07:00:00,28,monsoon_weekday,18.1699
2025-08-29 08:00:00,28,monsoon_weekday,19.6436
2025-08-29 09:00:00,28,monsoon_weekday,16.8645
2025-08-29 10:00:00,28,monsoon_weekday,18.0701
2025-08-29 11:00:00,28,monsoon_weekday,17.1637
2025-08-29 12:00:00,28,monsoon_weekday,15.8111
2025-08-29 13:00:00,28,monsoon_weekday,12.4037
2025-08-29 14:00:00,28,monsoon_weekday,13.6112
2025-08-29 15:00:00,28,monsoon_weekday,13.4972
2025-08-29 16:00:00,28,monsoon_weekday,20.2913
2025-08-29 17:00:00,28,monsoon_weekday,24.8807
2025-08-29 18:00:00,28,monsoon_weekday,25.2294
2025-08-29 19:00:00,28,monsoon_weekday,22.4613
2025-08-29 20:00:00,28,monsoon_weekday,23.087
2025-08-29 21:00:00,28,monsoon_weekday,23.0213
2025-08-29 22:00:00,28,monsoon_weekday,17.261
2025-08-29 23:00:00,28,monsoon_weekday,11.3825
2025-09-09 00:00:00,39,monsoon_weekend,8.5114
2025-09-09 01:00:00,39,monsoon_weekend,7.4236
2025-09-09 02:00:00,39,monsoon_weekend,4.9768
2025-09-09 03:00:00,39,monsoon_weekend,6.1472
2025-09-09 04:00:00,39,monsoon_weekend,6.5427
2025-09-09 05:00:00,39,monsoon_weekend,7.2595
2025-09-09 06:00:00,39,monsoon_weekend,11.913
2025-09-09 07:00:00,39,monsoon_weekend,16.7345
2025-09-09 08:00:00,39,monsoon_weekend,17.94
2025-09-09 09:00:00,39,monsoon_weekend,18.1168
2025-09-09 10:00:00,39,monsoon_weekend,14.8014
2025-09-09 11:00:00,39,monsoon_weekend,15.4704
2025-09-09 12:00:00,39,monsoon_weekend,11.6084
2025-09-09 13:00:00,39,monsoon_weekend,13.4608
2025-09-09 14:00:00,39,monsoon_weekend,14.2311
2025-09-09 15:00:00,39,monsoon_weekend,13.1175
2025-09-09 16:00:00,39,monsoon_weekend,16.7167
2025-09-09 17:00:00,39,monsoon_weekend,20.779
2025-09-09 18:00:00,39,monsoon_weekend,20.3343
2025-09-09 19:00:00,39,monsoon_weekend,23.3811
2025-09-09 20:00:00,39,monsoon_weekend,21.1915
2025-09-09 21:00:00,39,monsoon_weekend,19.6467
2025-09-09 22:00:00,39,monsoon_weekend,15.3588
2025-09-09 23:00:00,39,monsoon_weekend,9.5957
2025-09-10 00:00:00,40,monsoon_weekend,9.2539
2025-09-10 01:00:00,40,monsoon_weekend,9.938
2025-09-10 02:00:00,40,monsoon_weekend,6.8613
2025-09-10 03:00:00,40,monsoon_weekend,6.983
2025-09-10 04:00:00,40,monsoon_weekend,6.4261
2025-09-10 05:00:00,40,monsoon_weekend,10.047
2025-09-10 06:00:00,40,monsoon_weekend,10.4139
2025-09-10 07:00:00,40,monsoon_weekend,18.2255
2025-09-10 08:00:00,40,monsoon_weekend,27.9044
2025-09-10 09:00:00,40,monsoon_weekend,14.8943
2025-09-10 10:00:00,40,monsoon_weekend,15.093
2025-09-10 11:00:00,40,monsoon_weekend,11.9816
2025-09-10 12:00:00,40,monsoon_weekend,13.901
2025-09-10 13:00:00,40,monsoon_weekend,13.5465
2025-09-10 14:00:00,40,monsoon_weekend,14.4969
2025-09-10 15:00:00,40,monsoon_weekend,16.9683
2025-09-10 16:00:00,40,monsoon_weekend,17.2823
2025-09-10 17:00:00,40,monsoon_weekend,22.8867
2025-09-10 18:00:00,40,monsoon_weekend,24.0146
2025-09-10 19:00:00,40,monsoon_weekend,33.3481
2025-09-10 20:00:00,40,monsoon_weekend,22.9134
2025-09-10 21:00:00,40,monsoon_weekend,20.9324
2025-09-10 22:00:00,40,monsoon_weekend,16.0051
2025-09-10 23:00:00,40,monsoon_weekend,10.2893
2025-09-12 00:00:00,42,monsoon_weekday,8.7405
2025-09-12 01:00:00,42,monsoon_weekday,7.6926
2025-09-12 02:00:00,42,monsoon_weekday,8.0946
2025-09-12 03:00:00,42,monsoon_weekday,8.1126
2025-09-12 04:00:00,42,monsoon_weekday,9.0567
2025-09-12 05:00:00,42,monsoon_weekday,12.2669
2025-09-12 06:00:00,42,monsoon_weekday,19.1668
2025-09-12 07:00:00,42,monsoon_weekday,17.8071
2025-09-12 08:00:00,42,monsoon_weekday,19.3795
2025-09-12 09:00:00,42,monsoon_weekday,11.7334
2025-09-12 10:00:00,42,monsoon_weekday,18.1644
2025-09-12 11:00:00,42,monsoon_weekday,13.6765
2025-09-12 12:00:00,42,monsoon_weekday,16.577
2025-09-12 13:00:00,42,monsoon_weekday,13.4815
2025-09-12 14:00:00,42,monsoon_weekday,12.7884
2025-09-12 15:00:00,42,monsoon_weekday,15.636
2025-09-12 16:00:00,42,monsoon_weekday,20.1543
2025-09-12 17:00:00,42,monsoon_weekday,21.0649
2025-09-12 18:00:00,42,monsoon_weekday,21.4656
2025-09-12 19:00:00,42,monsoon_weekday,31.7099
2025-09-12 20:00:00,42,monsoon_weekday,29.0086
2025-09-12 21:00:00,42,monsoon_weekday,18.7634
2025-09-12 22:00:00,42,monsoon_weekday,14.8413
2025-09-12 23:00:00,42,monsoon_weekday,14.41
2025-09-16 00:00:00,46,monsoon_weekday,9.6343
2025-09-16 01:00:00,46,monsoon_weekday,8.5953
2025-09-16 02:00:00,46,monsoon_weekday,5.8336
2025-09-16 03:00:00,46,monsoon_weekday,7.4502
2025-09-16 04:00:00,46,monsoon_weekday,10.4485
2025-09-16 05:00:00,46,monsoon_weekday,11.3988
2025-09-16 06:00:00,46,monsoon_weekday,16.9999
2025-09-16 07:00:00,46,monsoon_weekday,15.0338
2025-09-16 08:00:00,46,monsoon_weekday,24.9582
2025-09-16 09:00:00,46,monsoon_weekday,16.8516
2025-09-16 10:00:00,46,monsoon_weekday,15.6469
2025-09-16 11:00:00,46,monsoon_weekday,19.2371
2025-09-16 12:00:00,46,monsoon_weekday,17.5582
2025-09-16 13:00:00,46,monsoon_weekday,14.7659
2025-09-16 14:00:00,46,monsoon_weekday,13.6025
2025-09-16 15:00:00,46,monsoon_weekday,15.1882
2025-09-16 16:00:00,46,monsoon_weekday,25.7003
2025-09-16 17:00:00,46,monsoon_weekday,22.956
2025-09-16 18:00:00,46,monsoon_weekday,27.1873
2025-09-16 19:00:00,46,monsoon_weekday,41.8453
2025-09-16 20:00:00,46,monsoon_weekday,30.1231
2025-09-16 21:00:00,46,monsoon_weekday,31.255
2025-09-16 22:00:00,46,monsoon_weekday,18.2387
2025-09-16 23:00:00,46,monsoon_weekday,15.1375
2025-09-17 00:00:00,47,monsoon_weekday,8.8203
2025-09-17 01:00:00,47,monsoon_weekday,8.1631
2025-09-17 02:00:00,47,monsoon_weekday,7.6058
2025-09-17 03:00:00,47,monsoon_weekday,9.4391
2025-09-17 04:00:00,47,monsoon_weekday,11.9566
2025-09-17 05:00:00,47,monsoon_weekday,12.8707
2025-09-17 06:00:00,47,monsoon_weekday,12.4503
2025-09-17 07:00:00,47,monsoon_weekday,19.4879
2025-09-17 08:00:00,47,monsoon_weekday,23.3979
2025-09-17 09:00:00,47,monsoon_weekday,23.1963
2025-09-17 10:00:00,47,monsoon_weekday,15.2219
2025-09-17 11:00:00,47,monsoon_weekday,15.1891
2025-09-17 12:00:00,47,monsoon_weekday,24.2658
2025-09-17 13:00:00,47,monsoon_weekday,13.7994
2025-09-17 14:00:00,47,monsoon_weekday,16.9717
2025-09-17 15:00:00,47,monsoon_weekday,17.9437
2025-09-17 16:00:00,47,monsoon_weekday,18.4485
2025-09-17 17:00:00,47,monsoon_weekday,25.1427
2025-09-17 18:00:00,47,monsoon_weekday,26.4747
2025-09-17 19:00:00,47,monsoon_weekday,37.1051
2025-09-17 20:00:00,47,monsoon_weekday,27.3179
2025-09-17 21:00:00,47,monsoon_weekday,26.4061
2025-09-17 22:00:00,47,monsoon_weekday,19.053
2025-09-17 23:00:00,47,monsoon_weekday,12.5296
2025-09-19 00:00:00,49,monsoon_weekday,10.6955
2025-09-19 01:00:00,49,monsoon_weekday,9.8883
2025-09-19 02:00:00,49,monsoon_weekday,8.8154
2025-09-19 03:00:00,49,monsoon_weekday,7.0908
2025-09-19 04:00:00,49,monsoon_weekday,11.849
2025-09-19 05:00:00,49,monsoon_weekday,10.2245
2025-09-19 06:00:00,49,monsoon_weekday,16.4686
2025-09-19 07:00:00,49,monsoon_weekday,17.5057
2025-09-19 08:00:00,49,monsoon_weekday,16.8133
2025-09-19 09:00:00,49,monsoon_weekday,20.497
2025-09-19 10:00:00,49,monsoon_weekday,16.1415
2025-09-19 11:00:00,49,monsoon_weekday,17.7833
2025-09-19 12:00:00,49,monsoon_weekday,15.5701
2025-09-19 13:00:00,49,monsoon_weekday,15.496
2025-09-19 14:00:00,49,monsoon_weekday,16.8388
2025-09-19 15:00:00,49,monsoon_weekday,16.0435
2025-09-19 16:00:00,49,monsoon_weekday,14.9995
2025-09-19 17:00:00,49,monsoon_weekday,21.9865
2025-09-19 18:00:00,49,monsoon_weekday,29.6914
2025-09-19 19:00:00,49,monsoon_weekday,30.9889
2025-09-19 20:00:00,49,monsoon_weekday,18.8261
2025-09-19 21:00:00,49,monsoon_weekday,22.2671
2025-09-19 22:00:00,49,monsoon_weekday,17.0773
2025-09-19 23:00:00,49,monsoon_weekday,12.5749
